{
    "1": [
        0.0048893,
        0.001729279043737913
    ],
    "2": [
        0.0024363,
        0.0007742371227358077
    ],
    "4": [
        0.0013833,
        0.00041580365291538475
    ],
    "8": [
        0.0136345,
        0.008672812157669635
    ]
}