{
    "1": [
        0.003686,
        0.001407664969609838
    ],
    "2": [
        0.0021042,
        0.0002803215613858088
    ],
    "4": [
        0.0014855,
        0.00033582510329038833
    ],
    "8": [
        0.0119866,
        0.004718350469767539
    ]
}