{
    "dataSet2/datSeq256K.bin": {
        "1": [
            0.065888,
            0.008746176548768168
        ],
        "2": [
            0.044645699999999996,
            0.0035254566938199656
        ],
        "4": [
            0.0264424,
            0.003311617771824923
        ],
        "8": [
            0.0172661,
            0.0034464622908458205
        ]
    },
    "dataSet2/datSeq1M.bin": {
        "1": [
            0.1505373,
            0.02017193032712096
        ],
        "2": [
            0.1156615,
            0.006525172867016202
        ],
        "4": [
            0.0899037,
            0.004722954867217956
        ],
        "8": [
            0.0666855,
            0.011482256691183235
        ]
    },
    "dataSet2/datSeq16M.bin": {
        "1": [
            2.5516936,
            0.10294205322974456
        ],
        "2": [
            1.4102946,
            0.08532849541520243
        ],
        "4": [
            0.9579609,
            0.04316803046095314
        ],
        "8": [
            0.8021127,
            0.03021576008586689
        ]
    }
}